{
  "posts": [
    {
      "id": 1,
      "title": "JS Conf EU",
      "url": "https://www.youtube.com/c/JSConfEU",
      "score": 10
    },
    {
      "id": 2,
      "title": "International Javascript conference 2021",
      "url": "https://www.youtube.com/c/InternationalJavaScriptConference",
      "score": 11
    },
    {
      "id": 3,
      "title": "Dev Edmonton meetups",
      "url": "https://devedmonton.com/#meetups",
      "score": 11
    },
    {
      "id": 4,
      "title": "Pycon US Conference talk links",
      "url": "https://www.youtube.com/c/PyConUS",
      "score": 13
    }
  ]
}